clip_id,source_file,start_sec,end_sec,duration,text,snapped
Muwan_Palassa_140113__0000,Muwan Palassa 140113.mp3,11.038,14.946,3.908,ගුවන් විදුලියට රචනා කරන්නේ කලාශූරී මුදලිනායක සෝමරත්න,True
Muwan_Palassa_140113__0001,Muwan Palassa 140113.mp3,21.51,23.41,1.9,"වෙද මාමා,",False
Muwan_Palassa_140113__0002,Muwan Palassa 140113.mp3,24.382,27.682,3.3,"වෙද මාමා, මාමා ඉන්නවද ගෙදර?",True
Muwan_Palassa_140113__0003,Muwan Palassa 140113.mp3,28.062,29.73,1.668,අනේ ඉස්කෝලෙ නැන්ද ඇවිල්ලා.,True
Muwan_Palassa_140113__0004,Muwan Palassa 140113.mp3,30.302,32.354,2.052,ලියුමකුත් අරගෙනයි එන්නේ සීයේ.,True
Muwan_Palassa_140113__0005,Muwan Palassa 140113.mp3,32.354,35.746,3.392,ආහ්.. මට පේනවා පේනවා.,True
Muwan_Palassa_140113__0006,Muwan Palassa 140113.mp3,36.478,41.922,5.444,"ඕ මෙ බණ්ඩියා, මේ ඖෂධ ටිකක් හොයාගෙන්න එන්ට මං බණ්ඩියා පිටත් කෙරුවා.",True
Muwan_Palassa_140113__0007,Muwan Palassa 140113.mp3,43.934,46.754,2.82,කෝ නාමෙල්?,True
Muwan_Palassa_140113__0008,Muwan Palassa 140113.mp3,46.91,51.234,4.324,ආං තාමත් අර බෙහෙත් ඔරුවේ දිගාවෙලා පොතක් කියවනවා.,True
Muwan_Palassa_140113__0009,Muwan Palassa 140113.mp3,51.39,54.37,2.98,පොත් කියවන්නෙ නැතුව ඉන්ටම බෑ එයාට.,True
Muwan_Palassa_140113__0010,Muwan Palassa 140113.mp3,54.37,57.826,3.456,ඔය කියවන පිස්සුව කවදා ඇරෙයිද මං දන්නෑ.,True
Muwan_Palassa_140113__0011,Muwan Palassa 140113.mp3,57.826,64.45,6.624,පොත්පත් කියවන එක බොහෝම හොඳ වැදගත් මානසික ව්‍යායාමයක්.,True
Muwan_Palassa_140113__0012,Muwan Palassa 140113.mp3,103.87,108.354,4.484,නේද ඉස්කෝලෙ නෝනි?,True
Muwan_Palassa_140113__0013,Muwan Palassa 140113.mp3,108.99,111.458,2.468,වාඩිවෙන්ටකෝ වාඩිවෙන්ටකෝ.,True
Muwan_Palassa_140113__0014,Muwan Palassa 140113.mp3,112.03,114.754,2.724,"ඔහොම ටිකක් ඉන්ට, මං අර බණ්ඩියා හොයාගෙන එනකල්.",True
Muwan_Palassa_140113__0015,Muwan Palassa 140113.mp3,116.094,120.45,4.356,හොඳයි මාමා.,True
Muwan_Palassa_140113__0016,Muwan Palassa 140113.mp3,120.606,122.402,1.796,වෙද මාමා කීවෙ පොතපත කියවන එක ගැනනෙ.,True
Muwan_Palassa_140113__0017,Muwan Palassa 140113.mp3,123.87,128.93,5.06,කියවන්නෙ මොන පොතපතද කියන එක තමයි වෙද මාමගෙ ප්‍රශ්නෙ.,True
Muwan_Palassa_140113__0018,Muwan Palassa 140113.mp3,129.054,130.754,1.7,කොහොමද ඉස්කෝලෙ නැන්දි?,True
Muwan_Palassa_140113__0019,Muwan Palassa 140113.mp3,130.754,134.146,3.392,කොහොමද මුවන්පැලැස්සෙ අපේ මැදි විදුහලෙ තොරතුරු?,True
Muwan_Palassa_140113__0020,Muwan Palassa 140113.mp3,134.526,142.05,7.524,ඒවා ගැන අහන්ට කලින් නාමෙල්ගෙ සෞඛ්‍ය තත්වය කොහොමද කියලා දැනගෙන එන්ට කියලා තමයි අපේ ලොකු ඉස්කෝලෙ මහත්තයා මට කිව්වෙ.,True
Muwan_Palassa_140113__0021,Muwan Palassa 140113.mp3,143.038,145.858,2.82,ආං ඒ හින්දා මං තක්කහනියක් මෙහාට අද ආවෙ.,True
Muwan_Palassa_140113__0022,Muwan Palassa 140113.mp3,147.262,150.786,3.524,"මේ වෙද සියටයි බිසෝටයි ඉස්කෝලෙ නැන්දටයි පින් සිද්ධ වෙන්ට,",True
Muwan_Palassa_140113__0023,Muwan Palassa 140113.mp3,151.326,153.154,1.828,දැන් මට සියයට අනූවක් තරම් සනීපයි.,True
Muwan_Palassa_140113__0024,Muwan Palassa 140113.mp3,154.206,163.906,9.7,"මමනම් හිතුවෙ නෑ මට ආයෙත් කවදාවත් නැගිටින්ට, ඇවිදින්ට, කල්පනා කරන්ට පුළුවන් වෙයි කියලා.",True
Muwan_Palassa_140113__0025,Muwan Palassa 140113.mp3,218.59,222.338,3.748,මට තාමත් සැකයි උන් ගැන ඉස්කෝලෙ නැන්දෙ.,True
Muwan_Palassa_140113__0026,Muwan Palassa 140113.mp3,222.494,226.37,3.876,ඒ කියන්නෙ තාමත් ඒ ප්‍රශ්නෙ ඉවර වෙලා නෑ.,True
Muwan_Palassa_140113__0027,Muwan Palassa 140113.mp3,226.526,230.37,3.844,මෙයා පංගුවක්දාරයාට මිනි මරනෝ ඕ කියගෙන කෑගහනවා.,True
Muwan_Palassa_140113__0028,Muwan Palassa 140113.mp3,231.358,233.378,2.02,හීනෙන් බය වෙලාද මං දන්නෑ.,True
Muwan_Palassa_140113__0029,Muwan Palassa 140113.mp3,233.598,236.578,2.98,ඉතිං අපේ වෙද සීයා අවදි වෙලා මෙයාගෙ කාමරේට ගිහිං,True
Muwan_Palassa_140113__0030,Muwan Palassa 140113.mp3,237.374,240.962,3.588,"නෑ නෑ, මුල් දවස්වල මං එහෙම කෑගහන්ට ඇති.",True
Muwan_Palassa_140113__0031,Muwan Palassa 140113.mp3,241.246,242.818,1.572,නමුත් දැන් මට හොඳට නින්ද යනවා.,True
Muwan_Palassa_140113__0032,Muwan Palassa 140113.mp3,243.87,250.61,6.74,මෙන්න මේ අපේ ඉස්කෝලෙ ලොකු මහත්තයා මේ ලියුම නාමෙල්ට දෙන්ට කිව්වා.,True
Muwan_Palassa_140113__0033,Muwan Palassa 140113.mp3,250.61,252.29,1.68,ඒක බලන්ටකෝ.,False
Muwan_Palassa_140113__0034,Muwan Palassa 140113.mp3,252.29,256.45,4.16,"හානේ, මොනවද ලියුමෙ ලියලා තියෙන්නෙ නැන්දි?",True
Muwan_Palassa_140113__0035,Muwan Palassa 140113.mp3,257.662,260.77,3.108,මෙයාට ඈත පළාතක ගුරු පත්වීමක් අරන් දීලද?,True
Muwan_Palassa_140113__0036,Muwan Palassa 140113.mp3,260.894,263.266,2.372,"එතකොට මට මොකද වෙන්නෙ, ඈ?",True
Muwan_Palassa_140113__0037,Muwan Palassa 140113.mp3,263.454,270.818,7.364,අනේ පොඩ්ඩක් ඉන්ට බිසෝ නාමෙල් ලියුම ගලවලා බලනකල්.,True
Muwan_Palassa_140113__0038,Muwan Palassa 140113.mp3,302.782,306.114,3.332,වංකුලොතෙන්නුන් නෙමෙයිනෙ කියලා ඉන්නකොට තමයි,True
Muwan_Palassa_140113__0039,Muwan Palassa 140113.mp3,306.398,307.682,1.284,නාමෙල් ඇවිත් ඒ සේරම දියුණු කරලා.,True
Muwan_Palassa_140113__0040,Muwan Palassa 140113.mp3,307.682,315.49,7.808,ඔය දෙන්නා අවුරුදු ගාණක් තිස්සේ ආදරයෙන් ඉන්න වග ආරච්චිලා දන්නවනෙ.,True
Muwan_Palassa_140113__0041,Muwan Palassa 140113.mp3,316.254,320.258,4.004,අහුවුනෙ නැද්ද කවදාවත් ඔය හොර රහසේ පෙම් බැඳගෙන ඉන්න හැටි?,True
Muwan_Palassa_140113__0042,Muwan Palassa 140113.mp3,320.35,321.602,1.252,මොකද නැත්තේ?,True
Muwan_Palassa_140113__0043,Muwan Palassa 140113.mp3,322.302,323.938,1.636,කීප සැරයක්ම අහුවුණා.,True
Muwan_Palassa_140113__0044,Muwan Palassa 140113.mp3,324.446,326.882,2.436,එහෙනම් ඇයි ඉතින් නාමෙල්ව අස්කෙරුවේ නැත්තේ?,True
Muwan_Palassa_140113__0045,Muwan Palassa 140113.mp3,327.55,329.186,1.636,අස්කරන්ටම ගියා.,True
Muwan_Palassa_140113__0046,Muwan Palassa 140113.mp3,330.206,338.282,8.076,නැන්දට මතකද නාමෙල් මේ පැලැස්ස දියුණු කරන්ට ග්‍රාම සංවර්ධන සමාගමක් පිහිටුවන්ට ගිහින් වෙච්ච වැඩේ?,True
Muwan_Palassa_140113__0047,Muwan Palassa 140113.mp3,338.282,339.558,1.276,දන්නවනෙ ඒ ගැන?,False
Muwan_Palassa_140113__0048,Muwan Palassa 140113.mp3,340.894,346.018,5.124,ඒ සිද්ධිය අපේ ඉස්කෝලෙ ලොකු මහත්තයා අපිට කිව්වා.,True
Muwan_Palassa_140113__0049,Muwan Palassa 140113.mp3,346.654,353.89,7.236,ඒ මුල් රැස්වීම දවසේ නාමෙල්ට ගහලා කකුලක් කඩලා දාලා මේ සිහි නැතුව වැටිලා ඉන්නකොට,True
Muwan_Palassa_140113__0050,Muwan Palassa 140113.mp3,353.89,360.514,6.624,මැරිලා කියලා හිතාගෙන රෑ මැද්දෙ ඇදගෙන ගිහින් කැලේ මැද්දට දැම්මලු මේ කොටිංට වලස්සුන්ට ගොදුරු වෙන්ට කියලා.,True
Muwan_Palassa_140113__0051,Muwan Palassa 140113.mp3,406.878,411.01,4.132,මුදියා මාමා බය වුණා මුවං පැලැස්සට ග්‍රාම සංවර්ධනය මඟින් සමුපකාර වෙළෙඳ සැලක් පිහිටෙව්වයි කියලා.,True
Muwan_Palassa_140113__0052,Muwan Palassa 140113.mp3,411.294,416.482,5.188,මුදියා මාමා හොඳටම බය වුණේ කඩ සාප්පු වැහෙයි කියලා.,True
Muwan_Palassa_140113__0053,Muwan Palassa 140113.mp3,416.638,422.85,6.212,හරි. එතකොට ඇයි බිසෝගෙ අප්පච්චි ග්‍රාම සංවර්ධනයට විරුද්ධ වුණේ?,True
Muwan_Palassa_140113__0054,Muwan Palassa 140113.mp3,422.974,427.618,4.644,ඇයි ඉතින් මුලාදෑනියා සතුටු වෙන්ට එපාද මේ අපරාධ එහෙම අඩු වෙයි කියලා?,True
Muwan_Palassa_140113__0055,Muwan Palassa 140113.mp3,427.646,431.778,4.132,මුදියා මාමා අප්පච්චිට කිව්වා ග්‍රාම සංවර්ධනය පටන් ගත්තම ආරච්චිලකමටත් කටු ගහයි කියලා.,True
Muwan_Palassa_140113__0056,Muwan Palassa 140113.mp3,432.414,439.938,7.524,අප්පච්චි ඉතින් කීයට ගියත් ඒ ආරච්චිල පට්ටම බේරගෙන ගමේ ලොකු මුලාදෑනියා කියන තමුන්ගෙ තත්ත්වය තියාගන්ට මුදියා මාමාට එකතු වුණා.,True
Muwan_Palassa_140113__0057,Muwan Palassa 140113.mp3,440.222,448.162,7.94,ඒ සේරම අපේ ඉස්කෝලෙ ලොකු මහත්තයා දන්නවද?,True
Muwan_Palassa_140113__0058,Muwan Palassa 140113.mp3,448.382,457.538,9.156,"හැබැයි ඉතින් එදා ඒ රැස්වීම කඩාකප්පල් කරන්ට ඇවිත් සෙනඟට ගුටි බැට දීලා, අත පය කඩාපු සේරෝටම විරුද්ධව මේ නඩුවක් දාන්ට ගියාලු නේද?",True
Muwan_Palassa_140113__0059,Muwan Palassa 140113.mp3,457.822,460.482,2.66,ඔව්.,True
Muwan_Palassa_140113__0060,Muwan Palassa 140113.mp3,460.894,464.162,3.268,ඒ ග්‍රාම සංවර්ධනය පටන් ගන්ට කියලා නාමෙල් ඉස්සරහට දැම්මෙ කවුද දන්නවද?,True
Muwan_Palassa_140113__0061,Muwan Palassa 140113.mp3,465.182,471.554,6.372,"අපේ ඉස්කෝලෙ ලොකු මහත්තයා ඉන්නවනෙ, උන්නැහැ කරන්ට ගියේ මේ නොදියුණු මුවං පැලැස්ස දියුණු කරන්ට නේද?",True
Muwan_Palassa_140113__0062,Muwan Palassa 140113.mp3,473.054,482.69,9.636,"ඉතින් එදා රෑ ඒ සෙනඟට ගහලා, බැනලා, එතනින් ගියාම නාමෙල්ගෙ කකුලකුත් කඩලා, වන මෘගයින්ට පණ පිටින් කන්ට මහා කැලේ මැද්දට විසි කරපු මුදියන්සෙයා කොහොමද බේරුණේ කියන්ටකො මට?",True
Muwan_Palassa_140113__0063,Muwan Palassa 140113.mp3,483.87,487.49,3.62,එයාට හෙන්රි ගැන අහන්ට එපා නැන්දෙ.,True
Muwan_Palassa_140113__0064,Muwan Palassa 140113.mp3,487.87,498.626,10.756,"නෑ නෑ බිසෝ, මට තාමත් පුදුමයි මේ නාමෙල් නොමැරී බේරුණේ කොහොමද කියලා. අන්න ඒක දැනගන්ට මට ඕනෙ.",True
Muwan_Palassa_140113__0065,Muwan Palassa 140113.mp3,499.39,503.49,4.1,මේ මුළු දිස්ත්‍රික්කෙ සේරම හිතුවේ නාමෙල් මරලා එක්කෝ කොටි වලස්සු කෑවයි කියලයි.,True
Muwan_Palassa_140113__0066,Muwan Palassa 140113.mp3,504.222,511.202,6.98,පංගුවක් කීවේ කැලේ හේන් වවන මිනිස්සු අමුලන ගිනි මැලි වලට දාලා අළු කරන්ට ඇතී කියලයි.,True
Muwan_Palassa_140113__0067,Muwan Palassa 140113.mp3,512.126,516.482,4.356,ඒ සේරම කරවාපු හතුරො තාමත්...,True
Muwan_Palassa_140113__0068,Muwan Palassa 140113.mp3,516.482,518.722,2.24,අපොච්චියේ... බිසෝ අඩන්ට වැළපෙන්ට ඇති දවස් ගාණම්ම.,False
Muwan_Palassa_140113__0069,Muwan Palassa 140113.mp3,518.722,529.154,10.432,"නැන්දට මං ඇත්තම කියන්නං, අපේ නෑඹුල් ආදරේ ඉහළටම නැඟීගෙන ආපු කාලෙනෙ ඒ බයානක සිද්ධිය.",True
Muwan_Palassa_140113__0070,Muwan Palassa 140113.mp3,529.246,536.066,6.82,"හරි හරි හරි, දැන් ඉතින් අඬනවනං අපි මේ මාතෘකාව වෙන අතකට හරවමු.",True
Muwan_Palassa_140113__0071,Muwan Palassa 140113.mp3,536.766,545.442,8.676,වෙද මාමා උන්හිටිගමන් පාරට ගියේ මොකද? හදිසි ලෙඩෙක්වත් ගේනවද?,True
Muwan_Palassa_140113__0072,Muwan Palassa 140113.mp3,545.822,552.098,6.276,මං මේ බොහොම මහන්සි වෙලා අපේ නාමෙල් ලැයින්දාරියාට ලොකු බේතක් හදනවා.,True
Muwan_Palassa_140113__0073,Muwan Palassa 140113.mp3,552.098,565.442,13.344,ඒ බේතට ඕන කරන බේත් ඖෂධ ජාති කීපයක් හොයාගෙන එන්ට කියලා අර බණ්ඩියා ලැයින්දාරියා පිටත් කෙරුවා මාළිගා තැන්නේ කැලේට.,True
Muwan_Palassa_140113__0074,Muwan Palassa 140113.mp3,565.982,572.386,6.404,"හානෙ, මාළිගා තැන්නේ බිම හැම තැනම වලවල් හාරලයි කියලා කරත්ත අරමන්ස් කිව්වා.",True
Muwan_Palassa_140113__0075,Muwan Palassa 140113.mp3,572.51,574.626,2.116,අප්පච්චි අම්මයි දෙන්නම ගියා ලු ඒ වලවල් බලන්ට.,True
Muwan_Palassa_140113__0076,Muwan Palassa 140113.mp3,575.006,581.954,6.948,ආ... ඒ කැලේ තියෙන රත්තරන් ඇත් රූපෙ තියෙන නිධානේ තියෙනවා කියන්නේ?,True
Muwan_Palassa_140113__0077,Muwan Palassa 140113.mp3,582.302,590.69,8.388,"ඔං ඔය පිස්සු නිදං කතාවල් හින්දා මගේ ඉඩමත් හැම තැනම හොටබරි හොටෑන්නා වගේ බිඳලා, විනාශ කරලා.",True
Muwan_Palassa_140113__0078,Muwan Palassa 140113.mp3,591.358,599.042,7.684,ඔය මිථ්‍යා විශ්වාස හින්දා නේද වෙද මාමා නාමෙල්ව හොරෙන් පැහැරගෙන ගිහින් මරන්ට හැදුවේ?,True
Muwan_Palassa_140113__0079,Muwan Palassa 140113.mp3,599.042,603.362,4.32,බණ්ඩියාව අත්අඩංගුවට ගත්තලු මේ වාසමේ ගම්මුලාදෑනියා.,True
Muwan_Palassa_140113__0080,Muwan Palassa 140113.mp3,603.806,605.698,1.892,අප්පච්චි බණ්ඩියාව අල්ලගත්තලු?,True
Muwan_Palassa_140113__0081,Muwan Palassa 140113.mp3,605.698,607.106,1.408,කවුද... කවුද කිව්වේ සීයේ?,True
Muwan_Palassa_140113__0082,Muwan Palassa 140113.mp3,607.134,613.57,6.436,"ආ, මං අර පාරේ ගේට්ටුව ළඟට වෙලා බණ්ඩියා එනකල් ඉන්නකොට",True
Muwan_Palassa_140113__0083,Muwan Palassa 140113.mp3,614.046,621.57,7.524,පාරෙ යන මිනිස්සු කිව්වා බණ්ඩියාව ආරච්චිල හිරබාරෙට ගත්තයි කියලා.,True
Muwan_Palassa_140113__0084,Muwan Palassa 140113.mp3,623.358,635.682,12.324,"අයිතිකාරයාගේ අවසර නැතුව ඉඩමට රිංගලා, බෙහෙත් පැළෑටි හොයන මුවාවෙන් නිදන් හාරන්ට ගියාය කියන චෝදනාව උඩ. හ්ම්...",True
Muwan_Palassa_140113__0085,Muwan Palassa 140113.mp3,635.806,641.666,5.86,"අලියා කිව්වද දන්නේ නැහැ නාමෙල්ටයි ඒ බෙහෙත් හදන්නේ කියලා, නේද ඔය සීයේ?",True
Muwan_Palassa_140113__0086,Muwan Palassa 140113.mp3,641.79,644.706,2.916,ඒවා විතරක් නම් කමක් නැහැ බිසෝ.,True
Muwan_Palassa_140113__0087,Muwan Palassa 140113.mp3,645.598,652.802,7.204,නමුත් බණ්ඩියා වගේ මනුස්සයෙකුට තර්ජනය කෙරුවාම හුඟාක් රහස් එළිවෙන්ට ඇති.,True
Muwan_Palassa_140113__0088,Muwan Palassa 140113.mp3,653.854,659.874,6.02,ඒ කියන්නේ වෙද මාමා මේ නාමෙල් මේ ගෙදර නැවතිලා ඉන්නවා කියලා කියන්ටත් ඇතිද?,True
Muwan_Palassa_140113__0089,Muwan Palassa 140113.mp3,659.966,661.25,1.284,ඔව් ඔව්... ඔව් ඉස්කෝලේ නෝනි.,True
Muwan_Palassa_140113__0090,Muwan Palassa 140113.mp3,661.758,664.994,3.236,දැන් මාත් බොරුකාරයෙක් වෙලා ඉවරයි.,True
Muwan_Palassa_140113__0091,Muwan Palassa 140113.mp3,664.994,668.706,3.712,අනේ සීයේ...,True
Muwan_Palassa_140113__0092,Muwan Palassa 140113.mp3,670.11,674.338,4.228,ආරච්චිල නමව වරදල තේරුම් ගත්තට කමක් නැහැ.,True
Muwan_Palassa_140113__0093,Muwan Palassa 140113.mp3,674.494,677.698,3.204,නමුත් ඉතින්... ඒ කොහොමද තේරුම් ගත්තේ?,True
Muwan_Palassa_140113__0094,Muwan Palassa 140113.mp3,678.366,689.026,10.66,"ඉතින් දැන් මාස ගණනාවක් මං මේ ළමයි දෙන්නට නවාතැන් දීලා, නතර කරගෙන, නාමෙල්ට ප්‍රතිකාර කෙරුවා, හ්ම්?",True
Muwan_Palassa_140113__0095,Muwan Palassa 140113.mp3,689.662,693.282,3.62,ආරච්චිලට ඒ ගැන එක වචනයක්වත් නොකියා.,True
Muwan_Palassa_140113__0096,Muwan Palassa 140113.mp3,694.11,698.018,3.908,හැබැයි මිනිහා මාව සැක කෙරුවා කීප සැරයක්.,True
Muwan_Palassa_140113__0097,Muwan Palassa 140113.mp3,698.782,708.674,9.892,"මේකෙ වැඩේ, ආරච්චිලගෙ ලොකු යාළුවා දන්න තාලෙට මේ ගෙදර ඇතුලෙ ඉන්නෙ කවුද කියලා හොයා බැලුවා.",True
Muwan_Palassa_140113__0098,Muwan Palassa 140113.mp3,709.79,713.698,3.908,අංජනං එළියෙන් අනුමානෙට මේ ගේ හෝදිසි කරලා කිව්වලු.,True
Muwan_Palassa_140113__0099,Muwan Palassa 140113.mp3,713.758,716.034,2.276,වටින්නේ නැහැනේ මෙහෙම හොයලා බලන්ට.,True
Muwan_Palassa_140113__0100,Muwan Palassa 140113.mp3,717.822,723.842,6.02,"වටිනා දෙයක් එතකොට නාමෙල්ව හොරෙන් අරං ගිහින් නොමැර මැරුවේ, ඈ?",True
Muwan_Palassa_140113__0101,Muwan Palassa 140113.mp3,724.254,730.914,6.66,ඉතින් ආරච්චිලගේ ඒ ගජමිත්‍රයාට බැරිවුණා මගෙන් ඇත්ත නැත්ත දැනගන්ට.,True
Muwan_Palassa_140113__0102,Muwan Palassa 140113.mp3,731.966,744.514,12.548,"මේ ගිය සුමානේ... ඔව්, ගිය සුමානේ අර බහුභූතයා එක්ක ඇවිත් කිව්වා මේ ඉඩමෙයි ගේ ඇතුලෙයි හැමතැනම හූනියම් වලදාලා තියෙනවයි කියලා.",True
Muwan_Palassa_140113__0103,Muwan Palassa 140113.mp3,744.514,755.138,10.624,"ඒතකොට ඇත්ති මා තොලමොට්ටලෙක් වගේ බයවෙලා, ඒ හූනියම කපන්ට උන්නැහේලාව ගේ ඇතුලට ගනීවි කියලා.",True
Muwan_Palassa_140113__0104,Muwan Palassa 140113.mp3,755.138,756.238,1.1,ඔන්න එනවා.,False
Muwan_Palassa_140113__0105,Muwan Palassa 140113.mp3,756.51,757.954,1.444,මුදියන්සේ එනවා?,True
Muwan_Palassa_140113__0106,Muwan Palassa 140113.mp3,758.014,762.274,4.26,"නෑ නෑ, මේ නාමෙල් එනවා මේ පැත්තට.",True
Muwan_Palassa_140113__0107,Muwan Palassa 140113.mp3,763.166,767.554,4.388,"වෙද මාමා ටිකක් ගැස්සුනා මුදියන්සේ එනවා කියලා, නේද වෙද මාමා?",True
Muwan_Palassa_140113__0108,Muwan Palassa 140113.mp3,767.614,777.666,10.052,හැබැයි ඉතින් ඒ ගැස්සුනේ බයට නම් නෙවෙයි. අහිතකර සතෙක් ගෙට එනකොට දැනෙන අප්‍රසන්නතාවයට.,True
Muwan_Palassa_140113__0109,Muwan Palassa 140113.mp3,780.382,785.442,5.06,නෑ නෑ නෑ... කිසිම සමාවක් නැහැ.,True
Muwan_Palassa_140113__0110,Muwan Palassa 140113.mp3,786.27,801.314,15.044,ඒ වුණත් නාමෙල්ගෙයි බිසෝගේයි සැඟවී සිටීම ගැන මේ මුඅම්පැලැස්සේ මහත්තුරු දෙන්නෙක් මාව සැක කරන එක ගැනයි අපි මේ කතා වුණේ නාමෙල්.,True
Muwan_Palassa_140113__0111,Muwan Palassa 140113.mp3,801.47,811.49,10.02,"අනේ ඇත්තමයි, වෙද මාමාට අනේක වාරයක් ස්තූතියි කියලා කියන්ට කිව්වා ලොකු ඉස්කෝලේ මහත්තයා මේ කරන සේවයට.",True
Muwan_Palassa_140113__0112,Muwan Palassa 140113.mp3,811.55,814.434,2.884,"ඉස්කෝලෙ උන්නැහේ උගත්, වැදගත්, පැසුණු හිසෙන් බුහුමන් ලබන කෙනෙක්.",True
Muwan_Palassa_140113__0113,Muwan Palassa 140113.mp3,814.878,818.85,3.972,ඒ කියන්නේ කොණ්ඩේ පැහුණාම ගරු බුහුමන් කරන්ට ඕනි කියන එකද සීයේ?,True
Muwan_Palassa_140113__0114,Muwan Palassa 140113.mp3,818.878,830.53,11.652,"නෑ නෑ බිසෝ. පැසුණු හිසෙන් බුහුමන් ලබව් කීවේ හිසකේ පැහිච්ච අයට ගරු බුහුමන් කරන්ට කියනවා නෙවෙයි, එහෙම නේද වෙද සීයේ?",True
Muwan_Palassa_140113__0115,Muwan Palassa 140113.mp3,830.718,839.938,9.22,"නැනෙනි, එහෙමනම් ඉතින් අර වත්තේ කානු කපන මේ මේ ආරුමුගන්ගේ හිසකේ පුළුන් වගේ සුදුවෙලා තියෙන්නේ, ඈ?",True
Muwan_Palassa_140113__0116,Muwan Palassa 140113.mp3,839.998,852.578,12.58,"මේකනෙ වෙද මාමා, පැසුණු හිස කියන්නේ බුද්ධියෙන් මුහුකුරා ගිය විවිධ ශිල්ප ශාස්ත්‍ර වලින් අගපැමිණි බුද්ධිමතුන්ටනෙ. එහෙම නේද වෙද මාමා?",True
Muwan_Palassa_140113__0117,Muwan Palassa 140113.mp3,853.054,857.954,4.9,කවුද ආවේ? බණ්ඩියාද නැත්නම් මුදියාද?,True
Muwan_Palassa_140113__0118,Muwan Palassa 140113.mp3,858.238,863.17,4.932,ඔහොම ඉන්නකෝ දමං බලාගෙන එනකල්.,True
Muwan_Palassa_140113__0119,Muwan Palassa 140113.mp3,863.934,869.762,5.828,"ඒයි මාටින්, බණ්ඩියාව දැක්කාද, ඈ? බණ්ඩියා, බණ්ඩියා...",True
Muwan_Palassa_140113__0120,Muwan Palassa 140113.mp3,871.006,874.338,3.332,ලොකු මහත්තයා මොනවාද ඔය ලියුමෙ ලියලා තියෙන්නේ?,True
Muwan_Palassa_140113__0121,Muwan Palassa 140113.mp3,875.006,879.842,4.836,පුළුවන් තරම් ඉක්මනට මුවම්පැලැස්සෙන් පිටවෙලා යන්ට කියලා තමයි ලියලා තියෙන්නේ.,True
Muwan_Palassa_140113__0122,Muwan Palassa 140113.mp3,882.494,886.882,4.388,අපේ ඉස්කෝලෙ ලොකු මහත්තයා එහෙමත් ලියයිද? එච්චරද ලියලා තියෙන්නේ?,True
Muwan_Palassa_140113__0123,Muwan Palassa 140113.mp3,889.31,898.018,8.708,"තව අර දිගාමඩුල්ලේ මනමාලයායි, මුදියන්සේගේ පුත්‍ර මනමාලයායි දෙන්නෙක් බිසෝව කරකාර බැඳගන්ට බලා ඉඳිද්දී...",True
Muwan_Palassa_140113__0124,Muwan Palassa 140113.mp3,898.526,900.706,2.18,නාමෙල්ට මොකද වෙන්නේ කියලත් අහනවා.,True
Muwan_Palassa_140113__0125,Muwan Palassa 140113.mp3,900.99,903.362,2.372,බොරුනෙ නාමෙල් ඔය කියන්නේ.,True
Muwan_Palassa_140113__0126,Muwan Palassa 140113.mp3,904.542,911.106,6.564,ආ එක්කෙනෙකුගේ ඇස් වලට කඳුළු පිරෙනවා වගේ නම් මට පේනවා.,True
Muwan_Palassa_140113__0127,Muwan Palassa 140113.mp3,911.106,914.906,3.8,මෙයා හැමදාම මගේ ඇස් වලට කඳුළු පිරෙන කතාවමයි කියන්නේ නැන්දේ.,True
Muwan_Palassa_140113__0128,Muwan Palassa 140113.mp3,914.906,917.282,2.376,සතුටු කඳුළුද? වේදනා කඳුළුද?,False
Muwan_Palassa_140113__0129,Muwan Palassa 140113.mp3,917.282,922.978,5.696,වේදනාව දෙන කඳුළු තමයි මට නම් හැමදාම ගලන්නේ.,True
Muwan_Palassa_140113__0130,Muwan Palassa 140113.mp3,923.038,931.362,8.324,"ඉතින් බිසෝ, සතුටු කඳුළු පිරෙන්න තමයි අපේ ලොකු මහත්තයා නාමෙල්ට වෙන රස්සාවක් හොයලා දෙන්න යන්නේ.",True
Muwan_Palassa_140113__0131,Muwan Palassa 140113.mp3,932.062,937.378,5.316,"එතකොට ඔය දෙන්නට හැමදාම සන්තෝසෙන් ජීවත් වෙන්න පුළුවන්නේ, නේද නාමෙල්?",True
Muwan_Palassa_140113__0132,Muwan Palassa 140113.mp3,938.814,942.866,4.052,හරි නාමෙල් කැමතිද බිසෝවත් අරන් ඈතකට යන්න?,True
Muwan_Palassa_140113__0133,Muwan Palassa 140113.mp3,942.866,945.606,2.74,එක පාරට දහස් වාරයක් කැමතියි නැන්දේ.,False
Muwan_Palassa_140113__0134,Muwan Palassa 140113.mp3,945.982,949.634,3.652,ඒත් බිසෝ කැමති නැහැ අම්මයි අප්පච්චියි දාලා පිටවෙලා යන්න.,True
Muwan_Palassa_140113__0135,Muwan Palassa 140113.mp3,950.494,953.154,2.66,ඔන්න ඔතන තමයි තියෙන තහංචි බාධකය.,True
Muwan_Palassa_140113__0136,Muwan Palassa 140113.mp3,1002.302,1006.338,4.036,"මුඅම්පැලැස්ස අතහැරලම යන්න නෙවෙයි අමාරු නැන්දේ,",True
Muwan_Palassa_140113__0137,Muwan Palassa 140113.mp3,1007.07,1008.546,1.476,මගේ අම්මයි අප්පච්චියි.,True
Muwan_Palassa_140113__0138,Muwan Palassa 140113.mp3,1009.054,1011.138,2.084,අප්පච්චි!,True
Muwan_Palassa_140113__0139,Muwan Palassa 140113.mp3,1011.518,1021.73,10.212,"අප්පච්චි, අප්පච්චිගේ ඈතින් මස්සිනා මුදියන්සේ තමයි අපේ ආලවන්ත සම්බන්ධේ කඩාකප්පල් කරන්නේ නැන්දේ. තේරුණාද?",True
Muwan_Palassa_140113__0140,Muwan Palassa 140113.mp3,1021.758,1023.874,2.116,එතකොට බිසෝගෙ අම්මා?,True
Muwan_Palassa_140113__0141,Muwan Palassa 140113.mp3,1025.47,1031.17,5.7,නැත්නම් ඒ අම්මා අපි දෙන්නගේ සම්බන්ධයට කැමතියි කියලයි මට හිතෙන්නේ.,True
Muwan_Palassa_140113__0142,Muwan Palassa 140113.mp3,1031.614,1036.418,4.804,අනේ සම්පූර්ණ ඇත්ත නාමෙල්.,True
Muwan_Palassa_140113__0143,Muwan Palassa 140113.mp3,1036.418,1039.81,3.392,බිසෝගෙ අම්මා බයයි ආරච්චිලට විරුද්ධව වචනයක්වත් කියන්න.,True
Muwan_Palassa_140113__0144,Muwan Palassa 140113.mp3,1039.81,1041.954,2.144,හැබැයි මේ ප්‍රශ්නෙදි අනිත් පැත්තේ ඉන්නේ.,True
Muwan_Palassa_140113__0145,Muwan Palassa 140113.mp3,1042.726,1044.726,2.0,"මුදියන්සේ මහා මුදලාලි,",False
Muwan_Palassa_140113__0146,Muwan Palassa 140113.mp3,1046.886,1049.566,2.68,එයාගේ පුතා සිරිමල්,False
Muwan_Palassa_140113__0147,Muwan Palassa 140113.mp3,1049.598,1053.378,3.78,නමෙන් විතරක් කෝටිපතියෙක්ලු.,True
Muwan_Palassa_140113__0148,Muwan Palassa 140113.mp3,1053.918,1056.93,3.012,"හැබැයි ඉන්නේ අත්තනට මෙතනට ණය වෙවී, තේරුණාද?",True
Muwan_Palassa_140113__0149,Muwan Palassa 140113.mp3,1056.958,1064.258,7.3,"ඔයා කොහොමද ඒවා දන්නේ, ඔයා හොයලා බැලුවද සිරිමල්ගේ බිස්නස් ගැන?",True
Muwan_Palassa_140113__0150,Muwan Palassa 140113.mp3,1066.43,1077.826,11.396,අප්පණ්ඩියා... හිරමුසුමුල් හාරන්න මගේම ඉඩමේ ඉඳැද්දි මේ බිසෝගෙ අප්පච්චි මිනිහා හිරබාරෙට ගත්තා කියලා මේ මාටින් කරත්තකාරයා කිව්වා.,True
Muwan_Palassa_140113__0151,Muwan Palassa 140113.mp3,1079.046,1080.566,1.52,හා අනේ...,False
Muwan_Palassa_140113__0152,Muwan Palassa 140113.mp3,1085.79,1089.546,3.756,"ඊටත් වඩා දේවල් ගැන ආරංචි වෙලා,",True
Muwan_Palassa_140113__0153,Muwan Palassa 140113.mp3,1089.546,1091.65,2.104,මේ රාජකාරි පොත එළියාගන්නත් ඇති බවද?,False
Muwan_Palassa_140113__0154,Muwan Palassa 140113.mp3,1091.65,1098.466,6.816,"දැන් අප්පච්චි කොයි වෙලාවක හරි මෙහාට එයි, අපේ හොර මැර අල්ලන්න.",True
Muwan_Palassa_140113__0155,Muwan Palassa 140113.mp3,1098.59,1103.522,4.932,"අපේ ඉතින් හොර මැර වැඩ කෙරුවේ නෑනෙව බිසෝ, ඈ?",True
Muwan_Palassa_140113__0156,Muwan Palassa 140113.mp3,1103.614,1113.186,9.572,ඒකනේ. කරපු එකම දේ මේ දෙන්නව මේ ගෙදර නතර කරගෙන හිටපු එක විතරනේ.,True
Muwan_Palassa_140113__0157,Muwan Palassa 140113.mp3,1113.342,1117.282,3.94,"බිසෝ මෙහෙ නැවතිලා හිටියේ අසනීපෙකට ප්‍රතිකාර කරගන්න, ඒක ඇත්ත.",True
Muwan_Palassa_140113__0158,Muwan Palassa 140113.mp3,1117.282,1123.618,6.336,එතකොට මේ මැරිච්ච නාමෙල් කියන එකා හංගගෙන හිටියේ ඇයි කියලා ලොකු තර්ජනයක් කරයි සීයෙ.,True
Muwan_Palassa_140113__0159,Muwan Palassa 140113.mp3,1124.126,1133.602,9.476,"ඈ, තර්ජන ගර්ජන වලට මා ගැස්සෙන්නේ නැහැ නාමෙල්.",True
Muwan_Palassa_140113__0160,Muwan Palassa 140113.mp3,1133.694,1142.242,8.548,ආරච්චිලට කේන්ති එන්නේ අර දිගාමඩුල්ලේ ඉලන්දාරියා බිසෝව බලන්න මේ මුඅම්පැලැස්සට ආවමයි ඔන්න.,True
Muwan_Palassa_140113__0161,Muwan Palassa 140113.mp3,1142.242,1148.482,6.24,"මෙහෙමයි, ඊට කලින් ඉස්කෝලේ ලොකු මහත්තයා හොඳ රස්සාවක් හොයා දුන්නොත් ඔය දෙන්නම යන්ට.",True
Muwan_Palassa_140113__0162,Muwan Palassa 140113.mp3,1148.766,1155.106,6.34,"මෙතන ප්‍රශ්නේ වෙලා තියෙන්නේ බිසෝට අම්මව දාලා යන්ට බැරිකමනේ, මට නම් හිතෙන්නේ එහෙමයි.",True
Muwan_Palassa_140113__0163,Muwan Palassa 140113.mp3,1155.106,1157.646,2.54,අම්මා නිතරම ලෙඩ වෙනවා නැන්දේ.,False
Muwan_Palassa_140113__0164,Muwan Palassa 140113.mp3,1158.046,1161.762,3.716,ආ ඉතින් එහෙනම් අම්මවත් එක්කන් යන්ටකෝ.,True
Muwan_Palassa_140113__0165,Muwan Palassa 140113.mp3,1162.206,1164.898,2.692,ඒ අදහස නම් හොඳයි.,True
Muwan_Palassa_140113__0166,Muwan Palassa 140113.mp3,1165.022,1172.194,7.172,"හැබැයි එදාට තමයි ආරච්චිල ලොකුම කස්තිරම, ලොකුම අඩව්වයි නටලා මේ පැලැස්ස දෙවනත් කරන්නේ.",True
Muwan_Palassa_140113__0167,Muwan Palassa 140113.mp3,1173.182,1183.006,9.824,"මේක එහෙම ලේසියෙන් විසඳන්න පුළුවන් ප්‍රශ්නයක් නෙවෙයි නෝනේ, ම්?",True
Muwan_Palassa_140113__0168,Muwan Palassa 140113.mp3,1183.614,1190.274,6.66,"මාමාටවත් බැරි නම් මේකට හොඳ උපදේශයක් දෙන්ට, වෙන කවුද මෙහෙ ඉන්නේ ඒකට?",True
Muwan_Palassa_140113__0169,Muwan Palassa 140113.mp3,1191.038,1198.114,7.076,මේ බිසෝගෙයි නාමෙල්ගෙයි සම්බන්ධෙට දැන් කොච්චර කල්ද ළමයිනේ? ඈ? අවුරුදු දාසයක්.,True
Muwan_Palassa_140113__0170,Muwan Palassa 140113.mp3,1200.798,1205.25,4.452,සමහර උදවිය වේලිච්ච දරලී වගේ නමන්ත බෑ.,True
Muwan_Palassa_140113__0171,Muwan Palassa 140113.mp3,1205.278,1210.114,4.836,"බලෙන් නමන්ත ගියොත් මොකද වෙන්නේ, ඈ ඉස්කෝලෙනෝනේ?",True
Muwan_Palassa_140113__0172,Muwan Palassa 140113.mp3,1211.646,1214.498,2.852,එහෙම නැත්තං ඉතිං කැඩෙනවනේ මාමෙ.,True
Muwan_Palassa_140113__0173,Muwan Palassa 140113.mp3,1216.382,1220.13,3.748,ඒ කියන්නේ අප්පච්චිට අර හාට් ඇටෑක් එක හැදිලා මැරෙයිද මං හින්දා?,True
Muwan_Palassa_140113__0174,Muwan Palassa 140113.mp3,1220.83,1222.402,1.572,ඔන්න එක හේතුවක්.,True
Muwan_Palassa_140113__0175,Muwan Palassa 140113.mp3,1223.262,1225.346,2.084,අනික් හේතුව මෙයාගේ අම්මා.,True
Muwan_Palassa_140113__0176,Muwan Palassa 140113.mp3,1226.686,1229.058,2.372,ඒ අම්මා අපට බොහොම කරුණාවයි.,True
Muwan_Palassa_140113__0177,Muwan Palassa 140113.mp3,1230.046,1234.69,4.644,නමුත් ආවාහ විවාහ ප්‍රශ්නෙ ගැන එක වචනයක්වත් කියන්නේ නෑ.,True
Muwan_Palassa_140113__0178,Muwan Palassa 140113.mp3,1235.038,1240.994,5.956,"අප්පච්චි, ඒ මං කොච්චර කාලයක් උත්සාහ කෙරුවද අඩු තරමින් අම්මගෙන්වත් කැමැත්ත අහගන්ට.",True
Muwan_Palassa_140113__0179,Muwan Palassa 140113.mp3,1242.078,1247.522,5.444,"එක වෙලාවකට කැමතියි වගේ පෙන්නනවා, ඒත් එක්කම ආරච්චිල මතක් වුණාම අනික් පැත්ත ගහනවා, ඒකනෙ බැරි.",True
Muwan_Palassa_140113__0180,Muwan Palassa 140113.mp3,1247.55,1254.85,7.3,"ඒ කාතකෙ බිසොගෙ අම්මා නමගන්ට බැරි නෑ, හ්ම්?",True
Muwan_Palassa_140113__0181,Muwan Palassa 140113.mp3,1311.742,1317.858,6.116,"නෑ, මං අහන්නේ මේ, එතකොට ආරච්චිලව නමගන්ට ක්‍රමයක් නැද්ද?",True
Muwan_Palassa_140113__0182,Muwan Palassa 140113.mp3,1318.91,1332.834,13.924,"පංගුවක් උදවිය කොච්චර හොඳ කළත්, ඒ හොඳ වැඩ, දියුණු වැඩ, සාරවත් වැඩ, යහපත් වැඩ කරන කෙනෙකුගේ පැත්තට නම්මන්ට බෑ.",True
Muwan_Palassa_140113__0183,Muwan Palassa 140113.mp3,1333.054,1338.338,5.284,බලෙන් නමන්ත ගියොත් මොකද වෙන්නේ නාමෙල්?,True
Muwan_Palassa_140113__0184,Muwan Palassa 140113.mp3,1339.23,1342.002,2.772,කැඩිලා බිඳිලා සුන් වෙලා ගියත් කොහොමටවත් නමන්ට බෑ.,True
Muwan_Palassa_140113__0185,Muwan Palassa 140113.mp3,1342.622,1351.362,8.74,"නෑ නෑ කියන්ටකෝ කියන්ටකෝ, අපේ ඉස්කෝලෙ ලොකු මහත්තයත් බලං ඉන්නවා මේ දෙන්නගේ ඉරණම විසඳෙනවද නැද්ද කියලා.",True
Muwan_Palassa_140113__0186,Muwan Palassa 140113.mp3,1352.67,1360.514,7.844,නාමෙල් ගැන කියන කොට ආරච්චිලගේ ප්‍රශ්නේ මගාරින්ට වෙන මොනවා හරි ගෙනාවා.,True
Muwan_Palassa_140113__0187,Muwan Palassa 140113.mp3,1419.23,1422.722,3.492,"එහෙම කීවා විතරයි අප්පේ, ආරච්චිලට යස්සාවිස වෙලා මට කෑගැහුවනෙ.",True
Muwan_Palassa_140113__0188,Muwan Palassa 140113.mp3,1429.47,1432.066,2.596,පිහිය රත්තරං කියලා ඒකෙන් ඇනගන්ටද කියන්නේ කියලා.,True
Muwan_Palassa_140113__0189,Muwan Palassa 140113.mp3,1432.502,1436.802,4.3,"ආ, එදායින් පස්සේ ආරච්චිල මට කැමති නෑ.",False
Muwan_Palassa_140113__0190,Muwan Palassa 140113.mp3,1437.79,1442.082,4.292,පිහිය රත්තරං කියලා ඇනගන්නමයි කිව්වේ ඇයි?,True
Muwan_Palassa_140113__0191,Muwan Palassa 140113.mp3,1442.334,1444.866,2.532,මේ නාමෙල් කොච්චර හොඳ වුණත් පවුලට ඈඳගන්ට කැමති නැතෙයි කියන එකයි කිව්වේ.,True
